Concept Proposal,,,,,,,,,
Oct 20 2026,,,,,,,,,
Room 301,,,,,,,,,
Time,Team Name,Capstone Project,Adviser,Chair,Panel Member 1,Panel Member 2,Panel Member 3,Documenter,
8:00AM-8:30AM,Team SkyLedger,Alumni Career Tracker,Ricardo Fontanilla,Maricel Suarez,Jonathan Beltran,Analiza Corpuz,Renato Villanueva,Cecilia Magbanua,
8:30AM-9:00AM,Team BioPulse,AI-Powered Vital Triage & Disease Predictor,,Maricel Suarez,Jonathan Beltran,Analiza Corpuz,Renato Villanueva,,
9:00AM-9:30AM,Team SafeCity,Smart City IoT Infrastructure & Asset Sentinel,,Maricel Suarez,Jonathan Beltran,Analiza Corpuz,Renato Villanueva,,
9:30AM-10:00AM,Team CodeLearners,Campus Event Hub,,Maricel Suarez,Jonathan Beltran,Analiza Corpuz,Renato Villanueva,,
10:00AM-10:30AM,Team CyberGuard,Automated Penetration Testing & Threat Hunter,Jonathan Beltran,Maricel Suarez,Ricardo Fontanilla,Analiza Corpuz,Renato Villanueva,,
10:30AM-11:00AM,Team AgriSense,Smart Agriculture Crop & Soil Monitoring,,Maricel Suarez,Ricardo Fontanilla,Analiza Corpuz,Renato Villanueva,,
11:00AM-11:30AM,Team EduTrack,Student Performance Analytics & Early Warning,,Maricel Suarez,Ricardo Fontanilla,Analiza Corpuz,Renato Villanueva,,
11:30AM-12:00PM,Team EcoRoute,Intelligent Fleet Logistics & Route Optimizer,,Maricel Suarez,Ricardo Fontanilla,Analiza Corpuz,Renato Villanueva,,
1:00PM-1:30PM,Team MedRecord,Patient Records,Analiza Corpuz,Eduardo Padilla,Ricardo Fontanilla,Jonathan Beltran,Florencia Dela Torre,,
1:30PM-2:00PM,Team MedBilling,Billing,,Eduardo Padilla,Ricardo Fontanilla,Jonathan Beltran,Florencia Dela Torre,,
2:00PM-2:30PM,Team MedSchedule,Appointments,,Eduardo Padilla,Ricardo Fontanilla,Jonathan Beltran,Florencia Dela Torre,,
2:30PM-3:00PM,Team MedPharma,Pharmacy,,Eduardo Padilla,Ricardo Fontanilla,Jonathan Beltran,Florencia Dela Torre,,
3:00PM-3:30PM,Team MedTriage,Triage,Renato Villanueva,Eduardo Padilla,Arsenio Macasaet,Teresita Buenaventura,Jonathan Beltran,,
3:30PM-4:00PM,Team MedLab,Laboratory,,Eduardo Padilla,Arsenio Macasaet,Teresita Buenaventura,Jonathan Beltran,,
4:00PM-4:30PM,Team MedInventory,Inventory,,Eduardo Padilla,Arsenio Macasaet,Teresita Buenaventura,Jonathan Beltran,,
4:30PM-5:00PM,Team MedWards,Wards,,Eduardo Padilla,Arsenio Macasaet,Teresita Buenaventura,Jonathan Beltran,,
